text;label
The latest advancements in artificial intelligence are truly remarkable.;technology
Maintaining a healthy lifestyle involves regular exercise and a balanced diet.;health
The national team is preparing for the upcoming international football tournament.;sports
The government announced new measures to address climate change.;politics
The new superhero movie is breaking box office records worldwide.;entertainment
The company reported a significant increase in its quarterly profits.;business
Exploring the ancient ruins in Rome was an unforgettable experience.;travel
The aroma of freshly baked bread filled the kitchen.;food
Online learning platforms have revolutionized access to education.;education
Scientists are warning about the increasing levels of plastic pollution in the oceans.;environment
A groundbreaking study has revealed new insights into the origins of the universe.;science
The discovery of Tutankhamun's tomb fascinated the world.;history
Virtual reality technology is becoming increasingly immersive.;technology
Regular check-ups are essential for early detection of health issues.;health
The basketball game went down to the wire with a nail-biting finish.;sports
The political debate focused on economic reforms and social policies.;politics
The popular streaming service released a new season of its hit drama series.;entertainment
The stock market experienced a sharp decline due to investor concerns.;business
Visiting the Eiffel Tower is a must for anyone traveling to Paris.;travel
Trying new recipes from different cultures is a fun way to explore the world.;food
The importance of critical thinking skills is increasingly emphasized in education.;education
Efforts to conserve endangered species are crucial for maintaining biodiversity.;environment
Researchers have developed a new method for detecting gravitational waves.;science
The Renaissance was a period of great artistic and intellectual flourishing.;history
The new laptop features a powerful processor and a stunning display.;technology
Vaccination campaigns have been instrumental in eradicating many infectious diseases.;health
The tennis champion secured their record-breaking 23rd Grand Slam title.;sports
The upcoming elections are expected to be closely contested.;politics
The concert featured a mesmerizing performance by the world-renowned orchestra.;entertainment
The merger between the two tech giants is expected to reshape the industry.;business
Exploring the Amazon rainforest offers a unique glimpse into diverse ecosystems.;travel
Learning to bake sourdough bread requires patience and precision.;food
The impact of artificial intelligence on the future of work is a key topic in education.;education
Renewable energy sources are vital for a sustainable future.;environment
Scientists have made significant progress in understanding the human genome.;science
The Roman Empire left an indelible mark on Western civilization.;history
The development of quantum computers could revolutionize various fields.;technology
Mental health awareness and support are becoming increasingly important.;health
The marathon runner broke the world record with an incredible performance.;sports
The political landscape is constantly evolving with new alliances and ideologies.;politics
The latest video game release has generated massive hype among gamers.;entertainment
Small businesses play a crucial role in local economic development.;business
Discovering the vibrant street food scene in Bangkok was a highlight of the trip.;travel
Mastering the art of French cuisine takes years of practice.;food
The integration of technology in classrooms is transforming the learning experience.;education
Protecting coral reefs is essential for marine life and coastal communities.;environment
New evidence suggests the existence of water ice on Mars.;science
The French Revolution was a pivotal moment in European history.;history
The smartphone market is highly competitive with constant innovation.;technology
Preventive healthcare measures can significantly reduce the burden of chronic diseases.;health
The cycling race through the Alps tested the limits of human endurance.;sports
The debate over universal healthcare continues to be a major political issue.;politics
The museum showcased a fascinating collection of ancient artifacts.;history
The film festival celebrated independent filmmakers from around the globe.;entertainment
Global supply chains have become increasingly complex and interconnected.;business
Exploring the ancient temples of Angkor Wat was a truly awe-inspiring experience.;travel
The science of fermentation is key to producing many delicious foods.;food
The role of standardized testing in education is a subject of ongoing debate.;education
The impact of deforestation on global climate patterns is a serious concern.;environment
The James Webb Space Telescope has captured stunning images of distant galaxies.;science
The American Civil War was a defining period in the history of the United States.;history
The rapid advancement of electric vehicle technology is transforming transportation.;technology
Access to clean water and sanitation is a fundamental aspect of public health.;health
The Olympic Games bring together athletes from all over the world to compete in various sports.;sports
The relationship between different political parties can often be adversarial.;politics
The new musical on Broadway has received rave reviews from critics.;entertainment
Understanding financial markets is crucial for making informed investment decisions.;business
Hiking through the scenic trails of Patagonia was an unforgettable adventure.;travel
The art of pairing wine with food can enhance the dining experience.;food
The development of personalized learning approaches is a growing trend in education.;education
The importance of reducing carbon emissions is widely recognized by environmental scientists.;environment
The search for extraterrestrial life continues to drive scientific exploration.;science
The ancient Egyptians built monumental pyramids that still stand today.;history
The development of faster and more reliable internet infrastructure is crucial for the digital age.;technology
Promoting mental well-being in the workplace is increasingly recognized as a business imperative.;health
The FIFA World Cup is one of the most watched sporting events globally.;sports
The process of drafting new legislation can be lengthy and complex.;politics
The animation studio released a heartwarming and visually stunning new film.;entertainment
Effective marketing strategies are essential for business growth and success.;business
Exploring the historical landmarks of Kyoto provides insights into Japan's rich cultural heritage.;travel
The chemistry of cooking involves complex reactions that transform ingredients.;food
The integration of artificial intelligence in educational tools is rapidly evolving.;education
Protecting endangered wildlife habitats is crucial for preventing species extinction.;environment
The study of genetics has revolutionized our understanding of heredity and disease.;science
The fall of the Berlin Wall marked a significant turning point in modern history.;history
The Internet of Things (IoT) is connecting everyday devices and creating new possibilities.;technology
Public health initiatives aim to prevent the spread of infectious diseases.;health
The Tour de France is one of the most prestigious and challenging cycling races in the world.;sports
Political campaigns often involve extensive outreach and persuasive messaging.;politics
The documentary explored the lives and works of influential contemporary artists.;entertainment
Understanding macroeconomic indicators is important for making sound business decisions.;business
Visiting the ancient Mayan ruins in Central America offers a glimpse into a fascinating civilization.;travel
The science behind baking involves understanding the properties of different ingredients.;food
The use of virtual reality in training simulations is becoming increasingly common in various industries.;education
The impact of climate change on agricultural practices is a growing concern.;environment
The discovery of new exoplanets expands our understanding of planetary systems beyond our own.;science
The invention of the printing press had a profound impact on the spread of knowledge.;history